Freq,ch1p2p,ch2p2p,ch3amp,mathp2p,mathamp,phase1,phase2,zin,phazin
10422.09484,1.040213867,0.510236935,0.219902728,6.27024E-05,2.70508E-05,14.27288466,11.54117784,8129.256091,154.1859375
13307.16258,1.040213867,0.516497511,0.216381154,6.22019E-05,2.69531E-05,13.29348305,11.03340487,8028.05442,155.6731121
15033.59973,1.043969152,0.511019507,0.219120156,6.1607E-05,2.66602E-05,13.22893005,11.06238691,8219.012454,155.708683
17488.71735,1.040213867,0.519627799,0.22851102,6.11375E-05,2.62695E-05,12.67271772,10.70010575,8698.709464,156.6271765
20675.57439,1.036458582,0.507889219,0.22851102,6.05739E-05,2.60742E-05,12.41472469,10.52961266,8763.868336,157.0556627
22334.09952,1.057112648,0.59475471,0.229293592,6.90572E-05,2.57813E-05,13.73568486,11.72119578,8893.812056,154.5431194
23690.41701,1.074011429,0.59084185,0.211294436,6.75084E-05,2.63672E-05,13.96143092,11.92045051,8013.537143,154.1181186
24832.02814,1.051479721,0.582233558,0.230076164,6.67728E-05,2.67578E-05,14.08448119,12.03169436,8598.466861,153.8838245
26286.00635,1.051479721,0.580668414,0.222250444,6.3845E-05,2.63672E-05,13.84656847,11.840695,8429.053884,154.3127365
28527.03701,1.053357363,0.572060122,0.212077008,6.61777E-05,2.58789E-05,13.67494786,11.68596513,8194.97572,154.639087
30586.15499,1.057112648,0.584581274,0.22655459,6.65383E-05,2.61719E-05,13.94029109,11.94437866,8656.41419,154.1153302
31789.13209,1.055235006,0.57127755,0.221859158,6.46588E-05,2.60742E-05,13.86681514,11.85109299,8508.75573,154.2820919
32832.13034,1.057112648,0.568929834,0.22264173,6.52707E-05,2.63672E-05,13.90557687,11.89006693,8443.893767,154.2043562
34037.72515,1.047724436,0.588494134,0.2206853,6.57079E-05,2.59766E-05,13.96316706,11.91530611,8495.554415,154.1215268
36199.09502,1.057112648,0.580668414,0.225772018,6.60527E-05,2.64648E-05,14.42260478,12.32851293,8531.016479,153.2488823
37885.96325,1.053357363,0.582233558,0.223424302,6.73361E-05,2.58789E-05,14.45892688,12.32558558,8633.45228,153.2154875
39870.42113,1.064623217,0.580668414,0.22851102,6.43613E-05,2.62695E-05,14.45318415,12.30140481,8698.709464,153.245411
41876.86892,1.060867933,0.565016974,0.21677244,6.58327E-05,2.64648E-05,14.39650401,12.30529146,8190.958629,153.2982045
42834.19597,1.053357363,0.576755554,0.227337162,6.5756E-05,2.59766E-05,14.33179268,12.24992825,8751.62609,153.4182791
43879.02796,1.049602079,0.582233558,0.219120156,6.41903E-05,2.62695E-05,14.29768156,12.18257883,8341.228253,153.5197396
45242.77597,1.042091509,0.59866757,0.220294014,6.65848E-05,2.69531E-05,14.58741735,12.41808817,8173.227195,152.9944945
46506.22021,1.045846794,0.573625266,0.226163304,6.6366E-05,2.55859E-05,14.5681982,12.39391951,8839.359673,153.0378823
47687.05371,1.043969152,0.57127755,0.214033438,6.35645E-05,2.64648E-05,14.79473497,12.57779328,8087.462762,152.6274718
48715.13823,1.051479721,0.57519041,0.225772018,6.61625E-05,2.71484E-05,14.44865038,12.23272766,8316.206711,153.318622
50626.90345,1.045846794,0.56345183,0.208164148,6.69128E-05,2.71484E-05,15.03897574,12.78005125,7667.629065,152.180973
52102.5552,1.042091509,0.556408682,0.231641308,6.43474E-05,2.61719E-05,14.72696114,12.42501299,8850.772367,152.8480259
53006.46016,1.06650086,0.558756398,0.231250022,6.82749E-05,2.57813E-05,14.95844813,12.63568002,8969.697825,152.4058719
53916.14114,1.051479721,0.588494134,0.20894672,6.72571E-05,2.68555E-05,15.04449427,12.70549771,7780.416062,152.250008
54962.98586,1.049602079,0.561886686,0.225380732,6.50034E-05,2.70508E-05,15.0756504,12.72944819,8331.76425,152.1949014
56286.00325,1.045846794,0.565016974,0.215598582,6.78516E-05,2.57813E-05,15.42798084,13.00977564,8362.611678,151.5622435
57059.64516,1.051479721,0.564234402,0.203468717,6.67563E-05,2.69531E-05,15.30944095,12.89318277,7548.984265,151.7973763
58283.37254,1.03458094,0.565016974,0.217946298,6.62873E-05,2.60742E-05,15.17425118,12.78326401,8358.689492,152.0424848
59152.45621,1.055235006,0.572842694,0.22264173,6.40338E-05,2.69531E-05,15.54755159,13.05256005,8260.330859,151.3998884
60127.77151,1.042091509,0.568929834,0.22264173,6.6366E-05,2.62695E-05,15.56791882,13.05012098,8475.283707,151.3819602
61390.88729,1.05899029,0.574407838,0.22459816,6.61465E-05,2.73438E-05,15.43011211,12.92419883,8213.875571,151.6456891
62655.00587,1.036458582,0.583798702,0.22459816,6.63658E-05,2.73438E-05,16.09779057,13.50311493,8213.875571,150.3990945
63897.76358,1.049602079,0.560321542,0.22851102,6.62405E-05,2.65625E-05,15.82320402,13.24913395,8602.767815,150.927662
65157.63396,1.040213867,0.562669258,0.230076164,6.86665E-05,2.65625E-05,15.85551504,13.26176402,8661.690882,150.8827209
66195.41833,1.049602079,0.539192099,0.208164148,6.53169E-05,2.65625E-05,15.96823342,13.3179277,7836.767941,150.7138389
67071.89268,1.040213867,0.557191254,0.228119734,6.75551E-05,2.76367E-05,16.02161486,13.38699251,8254.226421,150.5913926
68103.21894,1.057112648,0.582233558,0.21481601,6.56924E-05,2.61719E-05,16.13693916,13.45457193,8207.89532,150.4084889
69215.37879,1.049602079,0.574407838,0.224206874,6.85885E-05,2.74414E-05,16.37176213,13.62123485,8170.385735,150.007003
70090.53361,1.053357363,0.560321542,0.212468294,6.75866E-05,2.67578E-05,16.37878208,13.60498124,7940.420928,150.0162367
71091.36351,1.057112648,0.57519041,0.21090315,6.43306E-05,2.76367E-05,16.44132876,13.63140532,7631.265936,149.9272659
72195.65021,1.043969152,0.548582963,0.22655459,6.68823E-05,2.60742E-05,16.57605581,13.73755643,8688.835217,149.6863878
73088.09907,1.032703297,0.570494978,0.22264173,6.68668E-05,2.36328E-05,16.65670607,13.79435184,9420.873211,149.5489421
74220.10901,1.051479721,0.566582118,0.227337162,6.4377E-05,2.67578E-05,16.78948565,13.8712775,8496.104161,149.3392368
75280.83279,1.057112648,0.547800391,0.219902728,6.6381E-05,2.7832E-05,16.5203351,13.65139908,7901.066446,149.8282658
76257.65555,1.049602079,0.551713251,0.212077008,6.25467E-05,2.7832E-05,16.66310203,13.7299739,7619.889704,149.6069241
77356.97019,1.049602079,0.568929834,0.221467872,6.55677E-05,2.75391E-05,16.86004897,13.87290576,8041.953941,149.2670453
78549.13207,1.051479721,0.578320698,0.21481601,6.96996E-05,2.59766E-05,17.15945174,14.12598085,8269.608818,148.7145674
79827.04141,1.040213867,0.550148107,0.228119734,6.70546E-05,2.71484E-05,17.22053338,14.12345118,8402.683731,148.6560154
81093.75198,1.043969152,0.557973826,0.182339273,6.42221E-05,2.69531E-05,17.23456712,14.11264765,6765.051284,148.6527852
82915.87494,1.043969152,0.557191254,0.23242388,6.64595E-05,2.67578E-05,17.56212696,14.37626772,8686.206319,148.0616053
84107.23673,1.038336224,0.564234402,0.185078275,6.50819E-05,2.69531E-05,17.51404069,14.32366822,6866.672226,148.1622911
85765.97503,1.047724436,0.564234402,0.206599004,6.69133E-05,2.71484E-05,18.08151635,14.7273968,7609.977718,147.1910868
87142.01425,1.040213867,0.57519041,0.221076586,6.74608E-05,2.57813E-05,18.10547269,14.71515886,8575.091829,147.1793684
88915.70474,1.043969152,0.565799546,0.215598582,6.95428E-05,2.75391E-05,18.1190603,14.69219506,7828.827953,147.1887446
90282.53597,1.051479721,0.542322387,0.219120156,6.72108E-05,2.86133E-05,18.18393797,14.72989491,7657.987713,147.0861671
91548.14452,1.040213867,0.544670103,0.230076164,6.76959E-05,2.63672E-05,18.3248404,14.81558595,8725.851556,146.8595736
92646.2073,1.038336224,0.556408682,0.211685722,6.53957E-05,2.7832E-05,18.26640859,14.75972171,7605.830867,146.9738697
93608.99231,1.049602079,0.543104959,0.215207296,6.79777E-05,2.74414E-05,18.47374773,14.87911041,7842.429588,146.6471419
94703.50896,1.047724436,0.557973826,0.219511442,6.83535E-05,2.49023E-05,18.54820831,14.91734578,8814.890857,146.5344459
95609.24916,1.038336224,0.570494978,0.22655459,6.6788E-05,0.000028125,18.76232234,15.10242937,8055.274315,146.1352483
97042.51386,1.053357363,0.548582963,0.207772862,7.01689E-05,0.000028125,18.99513062,15.22257398,7387.479554,145.7822954
98057.99211,1.05899029,0.551713251,0.21481601,6.63815E-05,2.79297E-05,18.76365114,14.99669336,7691.314496,146.2396555
98923.17997,1.057112648,0.56345183,0.225772018,7.08419E-05,2.76367E-05,19.24226184,15.38230054,8169.277264,145.3754376
99809.73769,1.028948013,0.557191254,0.219511442,6.78217E-05,2.67578E-05,19.45786008,15.52558021,8203.639301,145.0165597
100884.3141,1.064623217,0.537626955,0.198773285,6.66777E-05,2.40234E-05,19.00166781,15.13487613,8274.139977,145.8634561
101626.2852,1.045846794,0.55953897,0.22459816,6.99656E-05,2.76367E-05,19.43224573,15.46550242,8126.802686,145.1022519
102748.986,1.047724436,0.542322387,0.216381154,6.68364E-05,2.77344E-05,19.40947188,15.43235248,7801.912042,145.1581756
103855.6407,1.038336224,0.560321542,0.217946298,6.66174E-05,2.66602E-05,19.38159676,15.37343841,8174.98203,145.2449648
104633.1708,1.038336224,0.562669258,0.197599427,6.67101E-05,2.55859E-05,19.29210856,15.31542211,7722.969956,145.3924693
105509.5783,1.042091509,0.537626955,0.204251289,6.84007E-05,2.80273E-05,19.54241971,15.4374214,7287.572106,145.0201589
107368.1385,1.03458094,0.550148107,0.221076586,6.79467E-05,2.67578E-05,19.84911515,15.67493051,8262.132273,144.4759543
108489.2867,1.040213867,0.548582963,0.197990713,6.55514E-05,2.75391E-05,20.00760765,15.72601913,7189.44999,144.2663732
110603.6292,1.053357363,0.550148107,0.211685722,6.66938E-05,2.68555E-05,20.069375,15.73933254,7882.406535,144.1912925
111718.4695,1.038336224,0.528236091,0.217946298,6.59288E-05,2.91992E-05,20.18967621,15.80527629,7464.114028,144.0050475
112894.6904,1.049602079,0.543104959,0.214033438,6.77116E-05,2.86133E-05,20.61650747,16.09339104,7480.212999,143.2901015
113791.7829,1.032703297,0.535279239,0.21872887,6.71791E-05,2.83203E-05,20.62234873,16.06375169,7723.391833,143.3138996
114926.0164,1.03458094,0.525105803,0.214033438,6.82285E-05,2.85156E-05,20.54730881,15.99095247,7505.830166,143.4617387
116779.7971,1.03458094,0.531366379,0.214424724,6.91825E-05,2.87109E-05,20.8214604,16.15501385,7468.398562,143.0235257
118315.8479,1.040213867,0.536844383,0.172948409,6.66163E-05,0.000028125,21.01891342,16.27189373,6149.276766,142.7091929
119143.8662,1.049602079,0.554060967,0.223033016,6.89002E-05,2.77344E-05,21.26582075,16.44399253,8041.753823,142.2901867
120261.1923,1.028948013,0.540757243,0.221859158,7.01373E-05,0.000028125,21.35509593,16.46239299,7888.325625,142.1825111
121475.0542,1.038336224,0.549365535,0.204642574,6.67896E-05,2.90039E-05,21.15468444,16.28765627,7055.690111,142.5576593
122152.2055,1.045846794,0.524323231,0.224206874,6.75709E-05,2.93945E-05,21.38626127,16.43211986,7627.502962,142.1816189
123133.754,1.028948013,0.543104959,0.200338429,6.76494E-05,2.99805E-05,21.54834667,16.54164592,6682.298074,141.9100074
124281.4976,1.030825655,0.549365535,0.163557545,6.8995E-05,0.000028125,21.65729102,16.57855779,5815.379385,141.7641512
125469.6945,1.042091509,0.538409527,0.227337162,7.23454E-05,2.8418E-05,21.85714705,16.69004864,7999.768179,141.4528043
126367.7499,1.036458582,0.550148107,0.196816855,6.99344E-05,0.000028125,21.83684392,16.61644117,6997.932609,141.5467149
127083.0376,1.032703297,0.557191254,0.21481601,6.67416E-05,2.88086E-05,22.13956625,16.87892967,7456.664223,140.9815041
127916.5497,1.038336224,0.558756398,0.212077008,7.05756E-05,2.88086E-05,22.12024427,16.81840177,7361.588358,141.061354
129182.1603,1.042091509,0.518845227,0.219511442,6.63805E-05,2.83203E-05,22.09844003,16.71706272,7751.024719,141.1844972
130081.3008,1.047724436,0.552495823,0.197599427,6.81339E-05,2.88086E-05,22.3107712,16.90580894,6859.044504,140.7834199
131291.0284,1.051479721,0.550148107,0.21285958,6.901E-05,2.88086E-05,22.48009117,16.96851493,7388.752891,140.5513939
132545.4244,1.043969152,0.547800391,0.221859158,6.79937E-05,2.94922E-05,22.73315803,17.12172999,7522.641656,140.145112
133385.1007,1.042091509,0.550930679,0.21285958,6.93235E-05,2.7832E-05,22.60115111,16.98310608,7648.007378,140.4157428
134298.6046,1.053357363,0.528236091,0.222250444,6.8213E-05,2.90039E-05,22.59467578,16.98567459,7662.776258,140.4196496
135449.7354,1.038336224,0.512584651,0.221859158,6.72731E-05,2.95898E-05,22.82136063,17.06636678,7497.814455,140.1122726
136310.3901,1.045846794,0.547800391,0.210120578,6.80402E-05,2.91016E-05,22.86121889,17.10838926,7220.250748,140.0303919
137384.5418,1.019559801,0.565799546,0.211294436,6.81505E-05,2.8418E-05,22.97172274,17.14698825,7435.240648,139.881289
138528.1385,1.05899029,0.520410371,0.201121001,7.05444E-05,2.90039E-05,23.07710909,17.16142486,6934.272881,139.761466
139332.3657,1.032703297,0.536061811,0.226163304,6.83548E-05,2.98828E-05,23.2736881,17.28154715,7568.340635,139.4447648
140330.3611,1.036458582,0.539974671,0.21090315,6.97308E-05,2.72461E-05,23.43287093,17.40348069,7740.674767,139.1636484
142159.0404,1.045846794,0.507889219,0.20699029,6.86825E-05,1.85547E-05,23.40372252,17.2895056,11155.68723,139.3067719
143546.0357,1.036458582,0.514932367,0.22459816,6.8667E-05,3.08594E-05,23.49176081,17.27123501,7278.117595,139.2370042
144503.0771,1.038336224,0.514149795,0.219120156,6.91999E-05,2.92969E-05,23.78846575,17.51065084,7479.301333,138.7008834
145777.0219,1.042091509,0.56345183,0.214033438,7.21253E-05,2.87109E-05,24.13216395,17.75436601,7454.770097,138.11347
146731.2983,1.040213867,0.548582963,0.214033438,6.98406E-05,2.92969E-05,24.0871842,17.68070804,7305.674695,138.2321078
147760.5048,1.045846794,0.545452675,0.216381154,6.9089E-05,2.96875E-05,24.00265769,17.52727701,7288.628355,138.4700653
148706.2885,1.040213867,0.519627799,0.215598582,6.99496E-05,2.69531E-05,23.99867254,17.4929885,7999.019865,138.508339
149607.1598,1.055235006,0.522758087,0.201903573,7.09517E-05,2.87109E-05,24.34922196,17.73085447,7032.287697,137.9199236
150459.2702,1.042091509,0.546235247,0.211685722,7.02794E-05,2.91016E-05,24.44808742,17.78300324,7274.032876,137.7689093
151353.6239,1.043969152,0.535279239,0.213642152,7.08721E-05,2.7832E-05,24.33555978,17.68278874,7676.125053,137.9816515
152452.7423,1.038336224,0.530583807,0.213642152,7.09044E-05,3.05664E-05,24.54074049,17.69571221,6989.442939,137.7635473
153245.696,1.053357363,0.500063499,0.221859158,7.13112E-05,3.00781E-05,24.45943264,17.6823075,7376.096688,137.8582599
154291.2247,1.032703297,0.547017819,0.219511442,7.23448E-05,2.98828E-05,24.75469668,17.87962518,7345.742381,137.3656781
155524.7746,1.040213867,0.550148107,0.228119734,7.00302E-05,2.93945E-05,24.93936941,17.96208204,7760.618196,137.0985486
156935.4004,1.043969152,0.505541503,0.218337584,6.99976E-05,2.76367E-05,25.27974456,18.13115945,7900.2716,136.589096
158052.5666,1.028948013,0.527453519,0.189382421,7.14677E-05,2.87109E-05,25.34732147,18.15078257,6596.176832,136.501896
159111.6268,1.028948013,0.503976359,0.226163304,7.10762E-05,3.08594E-05,25.29658361,18.03836362,7328.836184,136.6650528
160251.06,1.038336224,0.524323231,0.225380732,7.04982E-05,3.06641E-05,25.42829317,18.12661219,7349.995851,136.4450946
161373.9842,1.043969152,0.535279239,0.21481601,6.92768E-05,2.83203E-05,25.61234374,18.20970646,7585.227399,136.1779498
163082.2546,1.040213867,0.532931523,0.164731403,7.21723E-05,2.76367E-05,25.98790602,18.43205844,5960.599182,135.5800355
164677.5065,1.036458582,0.516497511,0.205816432,7.10473E-05,2.86133E-05,26.26337137,18.54531965,7193.038459,135.191309
165574.336,1.047724436,0.543887531,0.158079541,7.18745E-05,2.99805E-05,26.229526,18.40673701,5272.750824,135.363737
166674.9343,1.040213867,0.502411215,0.188599849,7.00591E-05,2.86133E-05,26.03080745,18.27328789,6591.339425,135.6959047
167680.3593,1.057112648,0.516497511,0.20699029,7.27356E-05,3.02734E-05,26.5210425,18.53298561,6837.356691,134.9459719
168713.3411,1.049602079,0.496933211,0.215989868,7.24231E-05,2.73438E-05,26.32847816,18.38921246,7899.058041,135.2823094
169531.1747,1.038336224,0.507106647,0.204251289,7.05284E-05,2.97852E-05,26.2240034,18.32047558,6857.485883,135.455521
170495.1382,1.038336224,0.503976359,0.212468294,7.12492E-05,2.93945E-05,26.38162403,18.40162618,7228.157257,135.2167498
171552.8597,1.051479721,0.521192943,0.193295281,7.08259E-05,2.91016E-05,26.63840795,18.51209663,6642.092867,134.8494954
172409.0294,1.047724436,0.499280927,0.215989868,7.26256E-05,3.18359E-05,26.60965928,18.42823566,6784.467029,134.9621051
172807.5407,1.036458582,0.532148951,0.215989868,7.37527E-05,2.92969E-05,26.92157826,18.60859222,7372.454171,134.4698295
173960.3153,1.055235006,0.531366379,0.211294436,7.20935E-05,2.73438E-05,27.17944608,18.78467556,7727.339388,134.0358784
174627.0984,1.032703297,0.521192943,0.210120578,6.96211E-05,3.08594E-05,26.8504808,18.5342192,6808.970642,134.6153
175963.5504,1.062745575,0.521975515,0.225772018,7.14824E-05,3.17383E-05,26.91655051,18.503934,7113.555279,134.5795155
176966.6805,1.038336224,0.504758931,0.223033016,7.05134E-05,2.93945E-05,27.43594175,18.83238711,7587.568391,133.7316711
177814.4697,1.03458094,0.513367223,0.173339695,7.17818E-05,2.91016E-05,27.27592648,18.71487607,5956.370729,134.0091975
178851.4024,1.036458582,0.509454363,0.198773285,7.27212E-05,3.07617E-05,27.33750651,18.72402438,6461.709315,133.9384691
180399.2945,1.043969152,0.529018663,0.215598582,7.25943E-05,2.93945E-05,27.67422449,18.83176217,7334.649445,133.4940133
181190.6816,1.042091509,0.539192099,0.199164571,7.29859E-05,3.03711E-05,27.78968034,18.89746622,6557.701617,133.3128534
182019.2763,1.042091509,0.528236091,0.217163726,7.5286E-05,3.26172E-05,27.79675906,18.8900315,6657.953764,133.3132094
183217.7619,1.040213867,0.495368068,0.214424724,7.20636E-05,3.03711E-05,27.93752052,18.90781993,7060.158126,133.1546596
184170.1381,1.042091509,0.510236935,0.21481601,7.61482E-05,2.88086E-05,27.98797485,18.89553713,7456.664223,133.116488
185000.803,1.038336224,0.500846071,0.219511442,7.18144E-05,3.14453E-05,28.08303961,18.8136266,6980.736548,133.1033338
185712.7783,1.043969152,0.529801235,0.207772862,7.13598E-05,3.17383E-05,28.12541497,18.86884121,6546.44342,133.0057438
186576.2055,1.038336224,0.496933211,0.207772862,7.3222E-05,2.88086E-05,28.33640666,19.01767649,7212.183429,132.6459168
187813.4671,1.038336224,0.500846071,0.199164571,7.63207E-05,3.08594E-05,28.62442999,19.2568849,6453.940515,132.1186851
188796.1297,1.042091509,0.509454363,0.20699029,7.452E-05,2.93945E-05,28.51673144,19.04564742,7041.795928,132.4376211
189756.1337,1.040213867,0.495368068,0.209338006,7.40815E-05,3.02734E-05,28.85462167,19.21220514,6914.907051,131.9331732
190618.0194,1.03458094,0.518062655,0.203077431,7.17206E-05,3.00781E-05,28.8038195,19.16985768,6751.665223,132.0263228
192190.5432,1.013926874,0.526670947,0.212077008,7.47406E-05,3.14453E-05,29.13420014,19.23233445,6744.312316,131.6334654
193367.1054,1.045846794,0.498498355,0.202294859,7.49591E-05,3.06641E-05,29.11567583,19.28453446,6597.131692,131.5997897
194731.1037,1.036458582,0.526670947,0.175296125,7.3864E-05,3.23242E-05,29.38882596,19.41890816,5423.058369,131.1922659
195441.1604,1.047724436,0.518845227,0.206599004,7.31432E-05,3.04688E-05,29.32332014,19.23012222,6780.685275,131.4465576
196139.477,1.049602079,0.515714939,0.201512287,7.65536E-05,3.01758E-05,29.30917534,19.19357466,6677.947619,131.49725
197521.6273,1.045846794,0.507106647,0.169818121,7.35491E-05,3.20313E-05,29.77036228,19.49874608,5301.638902,130.7308916
198409.574,1.030825655,0.526670947,0.201512287,7.37369E-05,2.98828E-05,29.6313775,19.33362001,6743.417694,131.0350025
199625.7018,1.030825655,0.506324075,0.201903573,7.35801E-05,2.93945E-05,29.96332914,19.49044885,6868.746122,130.546222
200612.9841,1.043969152,0.543104959,0.215207296,7.30793E-05,3.25195E-05,29.79968596,19.46508812,6617.785929,130.7352259
201521.9103,1.030825655,0.497715783,0.136167526,7.53507E-05,3.11523E-05,30.12244219,19.64628682,4371.02026,130.231271
202328.8898,1.036458582,0.487542348,0.173339695,7.54759E-05,3.26172E-05,29.95781361,19.32555203,5314.366698,130.7166344
203184.8418,1.045846794,0.506324075,0.204642574,7.33462E-05,3.19336E-05,30.21951837,19.47370321,6408.379091,130.3067784
203917.2648,1.038336224,0.507889219,0.199947143,7.58034E-05,3.07617E-05,30.48546265,19.60719674,6499.869016,129.9073406
205154.0373,1.03458094,0.491455208,0.212468294,7.47855E-05,2.98828E-05,30.05583253,19.3859509,7110.050112,130.5582166
206425.8853,1.03458094,0.497715783,0.212077008,7.3723E-05,3.25195E-05,30.47336871,19.63307619,6521.527224,129.8935551
206500.956,1.036458582,0.506324075,0.190164993,7.53178E-05,3.23242E-05,30.63493011,19.59410832,5883.049927,129.7709616
207753.6635,1.03458094,0.475803768,0.212077008,7.54757E-05,3.14453E-05,30.48833044,19.40383608,6744.312316,130.1078335
209074.296,1.051479721,0.485977204,0.181556701,7.60542E-05,3.13477E-05,30.93629574,19.72781916,5791.715318,129.3358851
209520.5762,1.03458094,0.501628643,0.197990713,7.36602E-05,3.24219E-05,30.99156102,19.75874767,6106.701497,129.2496913
211462.1046,1.036458582,0.535279239,0.21285958,7.4441E-05,3.19336E-05,30.93879764,19.60024291,6665.694504,129.4609595
212450.2698,1.042091509,0.512584651,0.201121001,7.46757E-05,3.0957E-05,31.18656497,19.83304803,6496.779324,128.980387
212807.8818,1.043969152,0.491455208,0.213642152,7.3551E-05,3.33008E-05,31.31974918,19.81038554,6415.529736,128.8698653
216860.9379,1.036458582,0.48832492,0.203860003,7.64612E-05,2.99805E-05,31.78391682,19.90453512,6799.760344,128.3115481
218355.5101,1.045846794,0.489890064,0.185078275,7.46941E-05,3.00781E-05,31.78962752,19.82332527,6153.251735,128.3870472
219084.7128,1.03458094,0.493802924,0.200338429,7.62115E-05,3.20313E-05,31.6444345,19.78246011,6254.468014,128.5731054
220072.921,1.043969152,0.491455208,0.193295281,7.44743E-05,3.10547E-05,31.77558482,19.67402657,6224.351177,128.5503886
221453.2872,1.047724436,0.518062655,0.204642574,7.62574E-05,3.05664E-05,31.99203082,19.83813132,6695.015856,128.1698379
223317.4859,1.028948013,0.493020352,0.188599849,7.9482E-05,3.19336E-05,32.47820687,20.04174298,5906.001381,127.4800501
224543.8952,1.03458094,0.485194632,0.208555434,7.6665E-05,2.97852E-05,32.38865932,19.87009078,7001.99229,127.7412499
225246.3632,1.049602079,0.48832492,0.177252555,7.57721E-05,3.23242E-05,32.55049205,19.92384569,5483.583574,127.5256623
226221.6855,1.055235006,0.537626955,0.169818121,7.64759E-05,2.98828E-05,32.78486118,20.00444879,5682.802484,127.21069
227664.712,1.036458582,0.503976359,0.203468717,7.75101E-05,3.29102E-05,32.87704954,20.05889923,6182.550911,127.0640512
229162.6423,1.03458094,0.501628643,0.158079541,7.59772E-05,3.16406E-05,32.99927793,20.07382336,4996.094145,126.9268987
230123.0156,1.030825655,0.487542348,0.180774129,7.50854E-05,3.17383E-05,33.02017782,20.02189949,5695.775631,126.9579227
231020.1032,1.02707037,0.483629488,0.207772862,7.51148E-05,2.91016E-05,33.3534962,20.17957365,7139.577555,126.4669302
231943.8181,1.040213867,0.479716628,0.177643841,7.74E-05,3.28125E-05,33.58758484,20.2239316,5413.907534,126.1884836
234189.8611,1.032703297,0.493802924,0.175296125,7.64297E-05,3.37891E-05,33.46341974,20.07391227,5187.954682,126.462668
235262.9799,1.028948013,0.491455208,0.178817699,7.67128E-05,3.14453E-05,33.45614849,20.05696586,5686.62496,126.4868857
236628.0503,1.02707037,0.485977204,0.201121001,7.71978E-05,3.29102E-05,33.56616553,20.06237435,6111.213786,126.3714601
237736.0216,1.025192728,0.496933211,0.190947565,7.57406E-05,3.37891E-05,33.69286924,20.04318535,5651.164922,126.2639454
238425.8475,1.030825655,0.479716628,0.169426835,7.68688E-05,3.14453E-05,34.06589487,20.27157909,5387.983824,125.662526
239391.049,1.060867933,0.46876062,0.211685722,7.62406E-05,3.19336E-05,34.09804326,20.14611361,6628.935159,125.7558431
240449.7924,1.038336224,0.511802079,0.189773707,7.80269E-05,3.33008E-05,34.25483826,20.3764987,5698.776414,125.368663
240963.8554,1.025192728,0.474238624,0.184295703,7.6211E-05,3.42773E-05,33.91088004,19.99204797,5376.60398,126.097072
241928.4489,1.03458094,0.493802924,0.157688255,7.87932E-05,3.0957E-05,34.35782066,20.21719963,5093.778342,125.4249797
243506.4935,1.030825655,0.481281772,0.194469139,7.75568E-05,2.10938E-05,34.49231447,20.20190055,9219.277685,125.305785
244483.6556,1.042091509,0.489890064,0.162383687,7.64463E-05,3.48633E-05,34.51147834,20.16959544,4657.728171,125.3189262
245527.5169,1.045846794,0.479716628,0.148297391,7.75405E-05,3.03711E-05,34.65979667,20.23321318,4882.846587,125.1069902
246515.0404,1.021437443,0.471890908,0.211294436,7.73522E-05,3.38867E-05,34.61265945,20.13803175,6235.317085,125.2493088
247469.0664,1.025192728,0.481281772,0.186252133,7.84326E-05,3.38867E-05,35.17658751,20.38392966,5496.316542,124.4394828
247505.8009,1.028948013,0.470325764,0.187817277,7.83079E-05,3.42773E-05,34.84935656,20.19164054,5479.341636,124.9590029
249468.6726,1.032703297,0.503976359,0.160818543,7.91524E-05,3.36914E-05,35.28828693,20.49881589,4773.28082,124.2128972
250429.4222,1.036458582,0.493020352,0.149862535,7.87622E-05,3.30078E-05,35.1976625,20.29000269,4540.214091,124.5123348
251308.0782,1.03458094,0.514932367,0.188991135,7.92782E-05,3.26172E-05,35.39622625,20.37871349,5794.219222,124.2250603
252373.5857,1.040213867,0.519627799,0.167470405,7.73677E-05,3.32031E-05,35.72045288,20.44708984,5043.814555,123.8324573
253804.5903,1.051479721,0.464065188,0.171383265,7.71816E-05,3.45703E-05,35.39700032,20.20554491,4957.527216,124.3974548
254203.0158,1.051479721,0.48441206,0.161992401,7.9857E-05,3.44727E-05,35.74645281,20.39340564,4699.156342,123.8601416
255212.1935,1.03458094,0.471108336,0.178426413,7.75106E-05,3.4668E-05,35.52745391,20.24194628,5146.722447,124.2305998
255818.0849,1.043969152,0.486759776,0.209338006,8.02323E-05,3.4668E-05,35.70506472,20.33235708,6038.369537,123.9625782
257005.1758,1.036458582,0.483629488,0.181947987,7.9591E-05,3.34961E-05,36.06295153,20.33497627,5431.916576,123.6020722
258022.8995,1.028948013,0.469543192,0.192121423,7.79938E-05,3.4668E-05,35.8013621,20.25314114,5541.755968,123.9454968
259064.3613,1.038336224,0.479716628,0.198381999,7.99985E-05,3.58398E-05,36.24131429,20.46500435,5535.236146,123.2936814
260386.0585,1.043969152,0.474238624,0.197208141,7.97015E-05,3.1543E-05,36.33229657,20.61347574,6252.047554,123.0542277
261011.4192,1.038336224,0.469543192,0.185078275,8.07192E-05,3.42773E-05,36.10825204,20.21344579,5399.434571,123.6783022
261984.8995,1.040213867,0.487542348,0.206599004,7.74786E-05,3.10547E-05,36.54123663,20.55761046,6652.747817,122.9011529
263218.0231,1.03458094,0.478934056,0.180382843,7.98573E-05,3.57422E-05,36.86567702,20.39171918,5046.776807,122.7426038
264083.4692,1.038336224,0.473456052,0.194860425,8.13124E-05,3.20313E-05,36.81057146,20.48609674,6083.447404,122.7033318
265512.9497,1.032703297,0.490672636,0.174904839,7.86359E-05,3.25195E-05,36.89567063,20.56021205,5378.455109,122.5441173
267233.5257,1.028948013,0.477368912,0.184686989,7.92945E-05,3.33008E-05,36.93210652,20.43891574,5546.025706,122.6289777
268687.1514,1.028948013,0.48441206,0.174513553,7.88554E-05,3.28125E-05,37.22608908,20.40111926,5318.508282,122.3727917
268444.6769,1.043969152,0.47267348,0.154949253,8.07667E-05,3.30078E-05,37.20990423,20.54921749,4694.320575,122.2408783
270009.6432,1.040213867,0.474238624,0.141254244,8.01382E-05,3.51563E-05,37.1199536,20.42811561,4017.898484,122.4519308
271312.4741,1.036458582,0.469543192,0.096256354,8.06414E-05,3.10547E-05,37.58272421,20.655814,3099.575687,121.7614618
271247.7396,1.03458094,0.4804992,0.203077431,8.31748E-05,3.52539E-05,37.39970426,20.51446942,5760.423514,122.0858263
273072.4922,1.045846794,0.46484776,0.190164993,8.10303E-05,3.30078E-05,37.57756586,20.50393874,5761.211615,121.9184954
274123.0479,1.03458094,0.470325764,0.169818121,8.14061E-05,3.60352E-05,37.97583033,20.69971629,4712.567913,121.3244534
274772.4541,1.03458094,0.465630332,0.169035549,8.43812E-05,3.44727E-05,37.84907146,20.53067743,4903.467487,121.6202511
275733.3142,1.040213867,0.466412904,0.202294859,8.01698E-05,3.58398E-05,37.95048551,20.62006077,5644.412402,121.4294537
276529.5541,1.036458582,0.47658634,0.145167104,8.04828E-05,3.54492E-05,38.24159729,20.72265435,4095.072011,121.0357484
277442.3285,1.042091509,0.469543192,0.201121001,8.21588E-05,3.38867E-05,37.93434185,20.55827875,5935.098114,121.5073794
278524.1036,1.032703297,0.494585496,0.183904417,8.04831E-05,2.99805E-05,38.26542393,20.5993832,6134.14081,121.1351929
278970.65,1.030825655,0.44919632,0.198773285,8.14061E-05,3.59375E-05,38.57024312,20.70152028,5531.082702,120.7282366
279923.7985,1.043969152,0.46484776,0.197208141,8.07029E-05,3.45703E-05,38.62324348,20.60961354,5704.551864,120.767143
280898.8764,1.030825655,0.461717472,0.189382421,8.19072E-05,3.68164E-05,38.47522362,20.61141646,5143.968139,120.9133599
281686.0081,1.032703297,0.461717472,0.178035127,8.13754E-05,3.10547E-05,38.38180654,20.58345894,5732.955031,121.0347345
283335.8559,1.038336224,0.45702204,0.183904417,8.18297E-05,3.39844E-05,38.68285433,20.55272342,5411.440312,120.7644222
284568.912,1.045846794,0.477368912,0.195642997,8.07817E-05,3.26172E-05,38.98890371,20.68874111,5998.156544,120.3223552
284888.7642,1.038336224,0.45702204,0.185469561,7.97333E-05,3.68164E-05,38.8043353,20.55810159,5037.687806,120.6375631
287050.5252,1.030825655,0.497715783,0.182730559,8.06078E-05,3.48633E-05,38.97849353,20.61195549,5241.347123,120.409551
287624.2208,1.040213867,0.465630332,0.168252977,8.12982E-05,3.48633E-05,39.09687112,20.7464993,4826.079792,120.1566296
289062.0967,1.036458582,0.4609349,0.188599849,8.06086E-05,3.65234E-05,39.43713554,20.74810288,5163.803346,119.8147616
289655.1724,1.042091509,0.478151484,0.183121845,8.15941E-05,3.31055E-05,39.385582,20.72037168,5531.468116,119.8940463
290464.8013,1.03458094,0.462500044,0.176078697,8.17042E-05,3.39844E-05,39.42652661,20.69486634,5181.166256,119.878607
291262.1359,1.038336224,0.493020352,0.175296125,8.42704E-05,2.86133E-05,39.40343043,20.5006304,6126.390171,120.0959392
292664.6239,1.045846794,0.478934056,0.200729715,8.24245E-05,3.39844E-05,39.55196362,20.58779487,5906.529532,119.8602415
293333.3333,1.036458582,0.473456052,0.130689522,8.07034E-05,3.56445E-05,39.65679317,20.64104506,3666.467679,119.7021618
294447.9573,1.038336224,0.469543192,0.185078275,8.27846E-05,3.64258E-05,39.93262044,20.631231,5080.969261,119.4361486
295359.1945,1.043969152,0.462500044,0.192903995,8.208E-05,3.53516E-05,39.74859892,20.50066862,5456.731784,119.7507325
296146.7272,1.043969152,0.475803768,0.151818965,8.35519E-05,0.000034375,39.90165804,20.63013707,4416.551721,119.4682049
297114.5605,1.038336224,0.461717472,0.199947143,8.07956E-05,3.05664E-05,39.90248806,20.53791423,6541.401725,119.5595977
297940.5745,1.051479721,0.460152328,0.177643841,8.05934E-05,2.36328E-05,40.2329779,20.73620053,7516.830295,119.0308216
299065.4206,1.03458094,0.473456052,0.183904417,8.15162E-05,3.80859E-05,40.23958345,20.72835884,4828.669817,119.0320577
299874.3658,1.043969152,0.462500044,0.198381999,8.26732E-05,3.57422E-05,40.3777661,20.67552038,5550.359742,118.9467135
300789.5726,1.038336224,0.46876062,0.188208563,8.01543E-05,3.74023E-05,40.1035885,20.35979004,5031.999172,119.5366215
302322.835,1.02707037,0.455456896,0.186252133,7.95918E-05,3.24219E-05,40.37452211,20.55769535,5744.644096,119.0677825
303153.336,1.036458582,0.453891752,0.11816837,8.35359E-05,3.64258E-05,40.62212251,20.58881173,3244.086082,118.7890658
305054.0287,1.042091509,0.44528346,0.179991557,8.38497E-05,3.26172E-05,40.99849162,20.65042961,5518.304021,118.3510788
307061.2806,1.025192728,0.485977204,0.167470405,8.13134E-05,3.45703E-05,41.00382092,20.60915131,4844.341663,118.3870278
306740.5594,1.045846794,0.471108336,0.185860847,8.63067E-05,3.7793E-05,41.12374716,20.64540425,4917.868402,118.2308486
308756.2037,1.03458094,0.494585496,0.188208563,8.06088E-05,3.44727E-05,41.5542023,20.77920712,5459.647827,117.6665906
309382.623,1.043969152,0.465630332,0.175687411,8.2878E-05,3.52539E-05,41.31445909,20.49129953,4983.48778,118.1942414
311100.7891,1.03458094,0.452326608,0.187034705,8.23925E-05,3.27148E-05,41.54181593,20.80080148,5717.120529,117.6573826
311383.7029,1.049602079,0.45310918,0.189382421,8.20001E-05,3.88672E-05,41.44619716,20.56044475,4872.552735,117.9933581
312372.8951,1.045846794,0.447631176,0.183904417,8.42394E-05,3.79883E-05,41.80563393,20.65800734,4841.08285,117.5363587
315177.78,1.038336224,0.449978892,0.191338851,8.31283E-05,3.80859E-05,42.02246253,20.65596429,5023.871363,117.3215732
316331.7682,1.06650086,0.489107492,0.192903995,8.12346E-05,3.52539E-05,42.05162916,20.71534978,5471.847384,117.2330211
317390.346,1.036458582,0.46876062,0.190164993,8.39103E-05,3.73047E-05,41.95261037,20.62698849,5097.616559,117.4204011
318196.8843,1.036458582,0.459369756,0.178817699,8.40052E-05,3.51563E-05,42.36405606,20.59833668,5086.370103,117.0376073
319401.2792,1.02707037,0.446066032,0.156514397,8.34424E-05,3.4668E-05,42.55207054,20.69659894,4514.668813,116.7513305
320329.4818,1.025192728,0.449978892,0.186643419,8.22688E-05,3.57422E-05,42.43312983,20.72147796,5221.936089,116.8453922
321125.4683,1.049602079,0.448413748,0.193686567,8.53358E-05,3.76953E-05,42.76397413,20.74987273,5138.213583,116.4861531
322450.6247,1.032703297,0.469543192,0.179991557,8.42234E-05,3.65234E-05,42.94489451,20.82740021,4928.111077,116.2277053
323355.663,1.015804516,0.45310918,0.176861269,8.40065E-05,2.88086E-05,42.96634752,20.81098647,6139.184387,116.222666
325050.7892,1.036458582,0.440588028,0.175687411,8.36459E-05,3.75977E-05,43.14559607,20.49792183,4672.828801,116.3564821
326889.8318,1.032703297,0.451544036,0.183513131,8.36761E-05,3.82813E-05,42.84669671,20.61602324,4793.812398,116.5372801
327831.531,1.040213867,0.46876062,0.158079541,8.41935E-05,3.50586E-05,43.16165797,20.73117756,4509.009757,116.1071645
329813.0078,1.040213867,0.467978048,0.181165415,8.32851E-05,0.0000375,42.90697391,20.4135544,4831.077731,116.6794717
331292.3359,1.030825655,0.446848604,0.197208141,8.48986E-05,3.79883E-05,43.48246376,20.69793794,5191.288843,115.8195983
333124.5373,1.028948013,0.462500044,0.195642997,8.47084E-05,3.90625E-05,43.99939531,20.76902782,5008.460714,115.2315769
334519.4978,1.057112648,0.446066032,0.171383265,8.42394E-05,3.56445E-05,43.86771348,20.49080217,4808.122286,115.6414844
335249.5568,1.047724436,0.453891752,0.176861269,8.30025E-05,3.7793E-05,43.78870298,20.55821943,4679.740037,115.6530776
336684.592,1.043969152,0.45310918,0.187817277,8.44592E-05,3.7793E-05,44.29510393,20.73772965,4969.635437,114.9671664
336584.1029,1.036458582,0.442153172,0.168252977,8.46016E-05,2.72461E-05,44.00138002,20.40804573,6175.3064,115.5905743
338006.6276,1.042091509,0.442153172,0.180774129,8.5022E-05,3.63281E-05,43.91825467,20.49635192,4976.148065,115.5853934
339562.3419,1.03458094,0.444500888,0.185078275,8.5398E-05,3.4668E-05,44.09538607,20.59234558,5338.595871,115.3122683
339791.6631,1.042091509,0.443718316,0.183904417,8.47567E-05,3.67188E-05,44.76125021,20.74611488,5008.460714,114.4926349
341207.3491,1.049602079,0.433544881,0.165513975,8.82148E-05,3.80859E-05,44.80786733,20.63624144,4345.802835,114.5558912
341685.1146,1.025192728,0.437457741,0.180774129,8.59146E-05,3.82813E-05,44.77627353,20.52198569,4722.262959,114.7017408
343577.0185,1.045846794,0.448413748,0.172165837,8.36296E-05,3.68164E-05,44.55970819,20.58157436,4676.334672,114.8587174
344514.1986,1.036458582,0.435110025,0.176078697,8.51798E-05,3.87695E-05,44.6759414,20.52120235,4541.677222,114.8028563
345423.1434,1.038336224,0.446848604,0.178035127,8.47407E-05,3.67188E-05,44.70048223,20.71527962,4848.616223,114.5842382
346274.9213,1.043969152,0.437457741,0.165905261,8.5117E-05,3.57422E-05,44.90282776,20.49579294,4641.720968,114.6013793
346845.8704,1.032703297,0.444500888,0.195251711,8.64164E-05,3.91602E-05,44.97852027,20.61711503,4985.978846,114.4043647
347348.8337,1.057112648,0.435892597,0.190556279,8.58991E-05,3.60352E-05,45.62332783,20.63193658,5288.065838,113.7447356
349072.7754,1.03458094,0.449978892,0.161601115,8.54125E-05,3.64258E-05,45.44366239,20.62373459,4436.448847,113.932603
352404.0519,1.028948013,0.424154017,0.173730981,8.571E-05,3.33008E-05,45.77981025,20.48627736,5217.024181,113.7339124
354295.1684,1.036458582,0.435892597,0.143993246,8.48347E-05,3.91602E-05,45.77439527,20.38264976,3677.034499,113.842955
355553.1613,1.042091509,0.425719161,0.191338851,8.87791E-05,3.63281E-05,45.97947633,20.63089873,5266.961912,113.3896249
356617.0014,1.038336224,0.464065188,0.162383687,8.76058E-05,3.86719E-05,45.9906297,20.70025679,4199.012518,113.3091135
357742.9671,1.040213867,0.456239468,0.167861691,8.67589E-05,3.97461E-05,46.20673726,20.53409916,4223.350656,113.2591636
358459.3143,1.042091509,0.450761464,0.181165415,8.67604E-05,3.57422E-05,46.44317742,20.57753924,5068.671717,112.9792833
359564.2927,1.030825655,0.431979737,0.176469983,8.5617E-05,3.45703E-05,46.27697824,20.58095147,5104.668434,113.1420703
360988.0721,1.040213867,0.463282616,0.136950098,8.58681E-05,3.68164E-05,46.2126179,20.50556723,3719.811671,113.2818149
362145.7134,1.042091509,0.446848604,0.141254244,8.546E-05,3.82813E-05,46.65696041,20.68267911,3689.906771,112.6603605
363912.0546,1.030825655,0.443718316,0.184686989,8.57746E-05,3.57422E-05,46.82737752,20.40270536,5167.198813,112.7699171
365510.7779,1.036458582,0.428849449,0.170209407,8.70743E-05,3.90625E-05,47.0198435,20.50433889,4357.360821,112.4758176
366086.1828,1.040213867,0.440588028,0.136167526,8.91723E-05,3.93555E-05,46.78712007,20.4637717,3459.939114,112.7491082
366516.1333,1.040213867,0.439022884,0.175296125,8.82935E-05,3.86719E-05,47.19880128,20.58220398,4532.909899,112.2189947
367339.2216,1.043969152,0.422588873,0.174904839,8.74971E-05,3.74023E-05,47.05131,20.4247893,4676.306923,112.5239007
370973.1681,1.043969152,0.429632021,0.170991979,8.62586E-05,3.94531E-05,47.26474567,20.28848967,4334.054123,112.4467647
371409.2272,1.03458094,0.424154017,0.157688255,8.93726E-05,2.91016E-05,47.46802563,20.34725448,5418.549444,112.1847199
372750.9498,1.030825655,0.417110869,0.153384109,8.80919E-05,3.90625E-05,47.58949869,20.52765973,3926.6332,111.8828416
375547.3445,1.032703297,0.448413748,0.179991557,8.7699E-05,3.75977E-05,48.00842668,20.40586212,4787.307904,111.5857112
376904.7677,1.021437443,0.424154017,0.120516086,8.62431E-05,3.75977E-05,47.95140337,20.24625421,3205.414857,111.8023424
380301.2838,1.032703297,0.429632021,0.176861269,8.86386E-05,3.88672E-05,48.45723099,20.28008528,4550.400488,111.2626837
385093.666,1.036458582,0.439805456,0.165122689,8.87941E-05,4.07227E-05,48.66312044,20.38304251,4054.81136,110.953837
385898.8493,1.028948013,0.428849449,0.171774551,8.7059E-05,3.93555E-05,48.71534166,20.15875796,4364.693307,111.1259004
387565.0889,1.032703297,0.421806301,0.176861269,8.80281E-05,4.05273E-05,48.89475828,20.19169589,4363.99854,110.9135458
389521.1182,1.030825655,0.422588873,0.139297814,9.18934E-05,3.99414E-05,48.84658582,20.32909523,3487.554062,110.824319
390623.8647,1.03458094,0.437457741,0.174904839,8.86384E-05,3.81836E-05,49.54722353,20.25557203,4580.628009,110.1972044
390455.5315,1.038336224,0.442153172,0.159644685,8.76523E-05,3.95508E-05,49.2586122,20.0827352,4036.448339,110.6586526
391585.5719,1.03458094,0.418676013,0.153384109,8.8512E-05,3.91602E-05,49.40703705,20.17273085,3916.841097,110.4202321
393594.7146,1.038336224,0.4413706,0.144384532,8.84981E-05,4.11133E-05,49.707196,20.19932014,3511.870791,110.0934839
394085.9046,1.030825655,0.423371445,0.160427257,9.02195E-05,3.50586E-05,49.45959254,20.18069868,4575.975249,110.3597088
395857.6735,1.032703297,0.419458585,0.154166681,9.03755E-05,3.66211E-05,49.89629066,20.24867934,4209.778179,109.85503
397723.6513,1.042091509,0.417893441,0.162383687,9.08766E-05,0.0000375,49.92195373,20.04535364,4330.231659,110.0326926
398387.9844,1.038336224,0.419458585,0.170600693,8.99994E-05,4.10156E-05,50.11305479,20.13544705,4159.407374,109.7514982
398953.7243,1.030825655,0.416328297,0.151818965,8.91848E-05,3.49609E-05,50.01452483,20.06034135,4342.531301,109.9251338
400074.0878,1.040213867,0.443718316,0.106821076,8.8844E-05,3.27148E-05,50.28611898,20.15573764,3265.217373,109.5581434
401687.646,1.032703297,0.420241157,0.131080808,8.84188E-05,4.15039E-05,50.14105517,19.93371715,3158.276403,109.9252277
402303.7909,1.02707037,0.403024573,0.160818543,9.04393E-05,3.64258E-05,50.35866459,19.92425638,4414.964833,109.717079
403714.4791,1.038336224,0.405372289,0.164340117,9.08314E-05,4.07227E-05,50.7050232,20.10808762,4035.594245,109.1868892
404666.9176,1.036458582,0.421023729,0.154166681,8.89661E-05,4.16992E-05,50.39153531,20.0707864,3697.111984,109.5376783
407684.7723,1.042091509,0.412415437,0.178426413,9.32561E-05,2.74414E-05,51.05779814,19.7624044,6502.087077,109.1797975
408207.9235,1.032703297,0.404589717,0.156123111,8.94364E-05,3.84766E-05,50.8247694,19.67629159,4057.615888,109.498939
409852.2167,1.03458094,0.423371445,0.151818965,9.0125E-05,3.91602E-05,50.85332694,19.96780273,3876.873331,109.1788703
410675.5512,1.042091509,0.414763153,0.165905261,9.00948E-05,3.79883E-05,50.90397351,19.99235806,4367.274741,109.1036684
412665.8755,1.038336224,0.439022884,0.156905683,8.99215E-05,4.07227E-05,51.01845797,19.88446119,3853.031648,109.0970808
414320.6923,1.043969152,0.417110869,0.160035971,8.94987E-05,3.61328E-05,51.05058234,19.69698202,4429.103637,109.2524356
415883.6966,1.030825655,0.423371445,0.153384109,8.94369E-05,3.65234E-05,51.96654646,19.97177839,4199.607701,108.0616751
416718.343,1.025192728,0.410067721,0.176469983,9.14099E-05,3.07617E-05,51.37375979,19.86718084,5736.675002,108.7590594
418752.9783,1.032703297,0.399894285,0.144775818,9.32093E-05,3.98438E-05,51.64116617,19.52833671,3633.589146,108.8304971
419790.1049,1.047724436,0.403024573,0.175296125,9.23632E-05,3.97461E-05,52.08868193,19.82366465,4410.398821,108.0876534
420453.3012,1.030825655,0.403807145,0.12599409,9.19102E-05,3.59375E-05,51.56538683,19.94270398,3505.9225,108.4919092
421022.4061,1.032703297,0.433544881,0.127559234,9.0297E-05,3.94531E-05,51.90988765,19.44788172,3233.18454,108.6422306
423099.3584,1.042091509,0.406937433,0.158862113,9.19572E-05,4.14063E-05,52.18415379,19.828211,3836.669906,107.9876352
426329.1064,1.032703297,0.416328297,0.132254666,9.31145E-05,3.00781E-05,51.7293105,19.47123694,4397.038237,108.7994526
428256.2871,1.030825655,0.419458585,0.163166259,9.25039E-05,4.20898E-05,52.98588311,19.39547981,3876.618316,107.6186371
427553.4442,1.032703297,0.409285149,0.149471249,9.27251E-05,3.88672E-05,52.60655213,19.27662813,3845.692448,108.1168197
429022.082,1.030825655,0.406937433,0.113472938,9.1595E-05,4.08203E-05,52.1341268,19.57900502,2779.815516,108.2868682
430107.5269,1.030825655,0.403024573,0.178035127,9.11578E-05,3.93555E-05,53.26821275,19.61232558,4523.770968,107.1194617
432463.794,1.03458094,0.403024573,0.141254244,9.3724E-05,3.41797E-05,52.97075549,19.37197307,4132.695584,107.6572714
432869.8137,1.030825655,0.406937433,0.129124378,9.12988E-05,3.85742E-05,52.52362879,19.38730159,3347.426908,108.0890696
436249.4011,1.038336224,0.393633709,0.164731403,9.45547E-05,3.74023E-05,52.83220653,19.58318277,4404.306968,107.5846107
436212.5671,1.025192728,0.410850293,0.114646796,9.22537E-05,4.22852E-05,52.36379646,19.38378266,2711.277578,108.2524209
436555.0669,1.032703297,0.389720849,0.111907794,9.03114E-05,3.94531E-05,53.23734589,19.23679128,2836.474781,107.5258628
439837.9116,1.028948013,0.396763997,0.149862535,9.30197E-05,3.94531E-05,53.482832,19.62578564,3798.495948,106.8913824
440175.153,1.030825655,0.408502577,0.169818121,9.22996E-05,3.87695E-05,53.25621713,19.63926347,4380.195365,107.1045194
439767.7207,1.036458582,0.404589717,0.164731403,9.07823E-05,4.14063E-05,52.74466139,19.200698,3978.418794,108.0546406
442313.8102,1.028948013,0.422588873,0.127167948,9.20667E-05,3.75977E-05,53.9413118,19.74824987,3382.337106,106.3104383
445709.3575,1.032703297,0.398329141,0.151427679,9.20197E-05,0.000040625,54.52538482,19.23505375,3727.45057,106.2395614
447380.9573,1.040213867,0.408502577,0.143210674,9.19257E-05,4.00391E-05,53.39382832,19.51636467,3576.773895,107.089807
448388.6035,1.030825655,0.399894285,0.162383687,9.36957E-05,3.99414E-05,54.00039229,19.45460196,4065.547572,106.5450057
449505.9609,1.043969152,0.412415437,0.149862535,9.19553E-05,0.000040625,52.98405719,19.42030862,3688.923949,107.5956342
449606.5942,1.040213867,0.399894285,0.161992401,9.21434E-05,4.15039E-05,54.70680644,19.61506771,3903.063973,105.6781258
450171.0522,1.028948013,0.403024573,0.147514819,9.22222E-05,3.83789E-05,54.06837529,18.95394561,3843.643133,106.9776791
452743.0795,1.025192728,0.403024573,0.138123956,9.18928E-05,4.51172E-05,54.38370982,18.9660673,3061.448714,106.6502229
452608.2668,1.032703297,0.387373133,0.158470827,9.22371E-05,3.73047E-05,54.35212654,18.83704062,4248.0138,106.8108328
453854.726,1.02707037,0.387373133,0.152992823,9.05163E-05,4.00391E-05,53.95460339,18.97840061,3821.089052,107.066996
456108.5973,1.028948013,0.393633709,0.159253399,9.25827E-05,4.07227E-05,54.3657015,19.51423784,3910.682994,106.1200607
457449.8983,1.023315086,0.405372289,0.144384532,9.10179E-05,4.07227E-05,54.63375412,18.86695958,3545.557801,106.4992863
458046.119,1.017682159,0.399894285,0.158470827,9.38816E-05,4.00391E-05,55.97625252,19.40281409,3957.90554,104.6209334
459506.031,1.038336224,0.388938277,0.086082919,9.29267E-05,4.43359E-05,55.78112325,19.0508855,1941.605916,105.1679913
459994.1026,1.019559801,0.386590561,0.13773267,9.34433E-05,4.22852E-05,54.95923288,18.80297752,3257.234497,106.2377896
462111.8696,1.03458094,0.390503421,0.121689944,9.33501E-05,4.20898E-05,55.0410795,18.83535238,2891.194955,106.1235681
464210.804,1.025192728,0.406937433,0.043824031,9.39761E-05,4.36523E-05,56.40192658,19.19880949,1003.933065,104.3992639
464439.5297,1.013926874,0.410850293,0.152601537,9.23002E-05,3.86719E-05,54.5943803,19.08414115,3946.059957,106.3214785
465021.4155,1.032703297,0.410067721,0.140080386,9.20664E-05,3.81836E-05,55.44953024,19.74954303,3668.601403,104.8009267
467117.394,1.021437443,0.385025417,0.172948409,9.26626E-05,4.01367E-05,55.39195447,18.86718838,4308.982259,105.7408571
469852.2136,1.023315086,0.376417126,0.155731825,9.14706E-05,3.96484E-05,54.29204991,18.93336896,3927.817467,106.7745811
470228.6928,1.013926874,0.399111713,0.138515242,9.2848E-05,4.08203E-05,55.61517184,19.37425291,3393.292044,105.0105752
472743.389,1.025192728,0.385807989,0.138123956,9.63233E-05,4.16016E-05,56.87086223,18.72820514,3320.162689,104.4009326
473595.1889,1.02707037,0.398329141,0.084909061,9.39446E-05,4.02344E-05,57.12179072,19.31902698,2110.361117,103.5591823
473807.8219,1.043969152,0.391285993,0.168644263,9.59457E-05,4.14063E-05,56.18243366,19.35749762,4072.918053,104.4600687
474743.7463,1.021437443,0.381895129,0.158079541,9.56038E-05,4.24805E-05,55.86850134,19.10540055,3721.228742,105.0260981
478325.8595,1.021437443,0.391285993,0.153775395,9.2411E-05,4.0918E-05,55.53483818,18.63172342,3758.138541,105.8334384
479593.8368,1.017682159,0.37406941,0.152992823,9.33025E-05,4.15039E-05,55.85630302,18.9804982,3686.227086,105.1631988
483153.2104,1.025192728,0.389720849,0.136950098,9.58228E-05,3.94531E-05,58.09320332,19.10609414,3471.210396,102.8007025
484422.0816,1.021437443,0.388938277,0.132254666,9.64326E-05,3.93555E-05,57.64642769,19.10052988,3360.515576,103.2530424
486912.2444,1.017682159,0.381112557,0.121689944,9.3427E-05,3.83789E-05,57.75257947,18.76826943,3170.750702,103.4791511
489115.3312,1.03458094,0.37798227,0.097038926,9.47579E-05,4.35547E-05,59.23716865,18.63762858,2227.978937,102.1252028
489124.3932,1.028948013,0.391285993,0.116994512,9.73869E-05,4.58008E-05,58.49358831,18.87924312,2554.421754,102.6271686
492690.6745,1.032703297,0.372504266,0.062605759,9.66668E-05,4.47266E-05,57.3223093,17.90839236,1399.744479,104.7692983
504335.0308,1.030825655,0.413980581,0.127559234,9.64483E-05,3.99414E-05,59.02094261,18.00515694,3193.659057,102.9739004
522012.5538,1.019559801,0.399894285,0.129515664,9.48834E-05,4.22852E-05,60.03106744,18.76016466,3062.910848,101.2087679
536174.8008,1.025192728,0.352939966,0.077865913,9.74822E-05,4.12109E-05,61.31693905,18.01133885,1889.447739,100.6717221
545670.2254,1.032703297,0.34667939,0.130689522,9.92803E-05,4.3457E-05,61.79935196,17.4665959,3007.327422,100.7340521
559332.9486,1.03458094,0.36233083,0.149862535,9.62619E-05,2.39258E-05,61.8239623,17.6329568,6263.642297,100.5430809
575556.4462,1.02707037,0.352939966,0.087648063,9.97047E-05,4.61914E-05,63.4785099,17.42817116,1897.497167,99.09331894
586498.6909,1.047724436,0.339636242,0.11229908,9.9077E-05,4.14063E-05,63.91083835,16.53600816,2712.128726,99.55315349
595770.0328,1.023315086,0.347461962,0.12795052,9.80442E-05,4.85352E-05,65.24371797,16.83208553,2636.24411,97.9241965
610087.0676,1.019559801,0.317724227,0.11621194,0.0001,0.000040625,65.70075313,16.53618748,2860.6016,97.7630594
619157.1079,1.025192728,0.325549946,0.12403766,9.8639E-05,4.50195E-05,66.85457369,16.25672199,2755.19661,96.88870432
636308.4682,1.028948013,0.352157394,0.13186338,0.000101707,4.47266E-05,67.79920039,16.20308893,2948.211809,95.99771068
665328.3625,1.036458582,0.32320223,0.093517352,0.00010252,3.04688E-05,68.80540968,15.55153923,3069.287463,95.64305109
816501.3204,1.025192728,0.275465339,0.076300769,0.000103804,4.86328E-05,75.59821936,12.94598736,1568.915404,91.45579328
825409.6702,1.008293947,0.275465339,0.095865068,0.000104932,4.61914E-05,77.46514583,13.30550368,2075.387526,89.22935049
838046.3046,1.019559801,0.262161616,0.095082496,0.00010216,4.77539E-05,76.71964254,12.78114401,1991.093585,90.49921345
852988.6914,1.000783377,0.245727604,0.093908638,0.00010213,4.70703E-05,76.17291259,12.61846729,1995.071488,91.20862013
874523.6427,1.028948013,0.244945032,0.077474627,0.000102629,4.77539E-05,77.4666591,12.23748136,1622.37255,90.29585954
898087.1335,1.010171589,0.235554168,0.061823187,0.000102552,4.7168E-05,80.10904798,12.12475817,1310.702762,87.76619385
905752.754,1.023315086,0.251205608,0.081387487,0.000102004,4.21875E-05,78.03571184,12.42595235,1929.184868,89.53833581
917477.5892,1.021437443,0.237901884,0.082952631,0.000104273,4.78516E-05,80.44632401,11.84918843,1733.540688,87.70448755
925217.3913,1.010171589,0.258248756,0.077083341,0.000103663,5.0293E-05,79.53962978,12.07472845,1532.68623,88.38564177
936498.3509,1.03458094,0.234771596,0.09077835,0.000106667,4.86328E-05,79.39283081,11.85853885,1866.607045,88.74863034
946466.6807,1.02707037,0.234771596,0.072387909,0.000105307,2.92969E-05,81.15304475,11.42715085,2470.840619,87.4198044
956021.6463,1.030825655,0.25198818,0.044215317,0.000104853,4.35547E-05,81.75803422,11.48177878,1015.167822,86.760187
963753.5665,1.004538662,0.2402496,0.054780039,0.000105933,4.76563E-05,81.79075253,11.56749917,1149.482787,86.64174829
972145.566,1.004538662,0.22459816,0.070431479,0.00010349,5.01953E-05,81.92011485,11.5257945,1403.148527,86.55409065
983844.9699,1.036458582,0.223033016,0.062997045,0.000107388,4.47266E-05,80.91758236,11.33042957,1408.492882,87.75198807
993488.4025,1.021437443,0.219902728,0.080213629,0.000104101,4.91211E-05,78.5151868,11.05801378,1632.977251,90.42679943
1000794.281,1.032703297,0.222250444,0.068866335,0.000104085,5.04883E-05,81.92031494,10.77761537,1364.006322,87.30206968
1013309.28,0.99515045,0.21677244,0.035607025,0.000105792,4.70703E-05,83.38013345,11.00722875,756.4646058,85.61263781
1019862.859,0.997028093,0.24416246,0.068083763,0.000102395,4.67773E-05,81.68191168,11.1802548,1455.485869,87.13783352
1029842.013,1.02707037,0.222250444,0.054388753,0.0001023,4.64844E-05,81.13158194,10.92912682,1170.043764,87.93929124
1039828.196,1.023315086,0.230858736,0.066127333,0.000105119,4.62891E-05,83.74047676,10.62086463,1428.573605,85.63865861
1048801.424,1.008293947,0.222250444,0.063779617,0.000103929,4.86328E-05,83.81934104,10.71271635,1311.452364,85.46794261
1058038.089,1.010171589,0.212077008,0.055562611,0.000102473,4.7168E-05,83.59152433,10.29937542,1177.973369,86.10910025
1069626.779,1.006416304,0.206599004,0.060649329,0.000103804,3.28125E-05,82.12438101,10.43377361,1848.360502,87.44184538
1078277.994,1.030825655,0.20503386,0.046954319,0.000105165,4.75586E-05,81.69715019,10.56240608,987.2941038,87.74044374
1093762.845,1.008293947,0.21285958,0.068475049,0.000105244,4.88281E-05,84.5075303,10.11599134,1402.369,85.37647836
1103264.959,1.02707037,0.20503386,0.048128177,0.000105963,4.60938E-05,82.60532408,9.912060257,1044.136725,87.48261566
1126077.191,1.02707037,0.201121001,0.060258043,0.000103913,4.77539E-05,82.94800291,9.838282679,1261.845317,87.21371441
1140169.6,1.004538662,0.184686989,0.064953475,0.000103398,4.79492E-05,82.26278216,9.985051244,1354.630515,87.7521666
1146030.886,1.023315086,0.197990713,0.054780039,0.000104962,4.88281E-05,84.43762333,10.2424211,1121.8952,85.31995557
1154817.206,1.019559801,0.187034705,0.033650595,0.000105134,4.41406E-05,85.13219857,9.704353242,762.3497724,85.16344819
1169200.464,1.008293947,0.190164993,0.049302035,0.000105933,4.79492E-05,84.2152698,10.18585769,1028.213523,85.59887251
1176751.848,1.023315086,0.194860425,0.044606603,0.000105149,4.91211E-05,84.90705622,9.751087512,908.0946663,85.34185626
1196324.078,1.028948013,0.219120156,0.053606181,0.000106964,4.69727E-05,84.16483648,9.785684323,1141.220986,86.0494792
1216360.043,1.017682159,0.172948409,0.041867601,0.000104304,5.03906E-05,83.66057973,8.912691148,830.8609247,87.42672912
1227034.833,1.010171589,0.176861269,0.047345605,0.000106371,4.86328E-05,84.43746563,9.326425638,973.5321228,86.23610873
1234584.818,1.023315086,0.204251289,0.055953897,0.000109079,3.92578E-05,84.71724232,9.741008218,1425.293298,85.54174947
1251959.949,1.010171589,0.169035549,0.033259309,0.000105056,4.82422E-05,83.97107124,9.131358734,689.423742,86.89757003
1276501.545,1.015804516,0.172165837,0.057519041,0.000104618,4.84375E-05,84.47447013,9.236791553,1187.489879,86.28873831
1292515.087,1.010171589,0.190164993,0.052041037,0.000108452,4.83398E-05,85.33798262,9.219681195,1076.566101,85.44233619
1309803.312,1.017682159,0.189382421,0.027781306,0.000107811,4.77539E-05,85.11337806,9.528226734,581.7598539,85.3583952
1321840.213,1.00266102,0.165122689,0.022694588,0.000106746,4.77539E-05,84.31973501,9.096159585,475.2404441,86.58410541
1366802.028,1.004538662,0.166687833,0.045780461,0.000102692,4.78516E-05,85.66786228,8.720793293,956.7182099,85.61134443
1378538.396,1.013926874,0.187034705,0.046954319,0.000106793,4.60938E-05,84.09999372,8.633722085,1018.669976,87.26628419
1389464.398,1.006416304,0.176078697,0.041867601,0.000108374,4.55078E-05,84.98102179,9.18350795,920.0090926,85.83547026
1399009.035,1.010171589,0.171383265,0.028955164,0.000102473,4.6582E-05,84.28935444,8.667152154,621.5951243,87.04349341
1417843.196,1.012049231,0.150253821,0.032085451,0.000105181,4.99023E-05,83.81733141,8.518437242,642.9648197,87.66423135
1426784.699,1.019559801,0.168252977,0.047736891,0.000103898,4.73633E-05,83.18191602,8.808461944,1007.888177,88.00962204
1435772.081,1.00266102,0.159644685,0.028563878,0.000103428,4.92188E-05,86.49405841,8.447603564,580.3454478,85.05833803
1447375.506,1.010171589,0.155731825,0.040693743,0.000104727,4.94141E-05,83.69521967,8.622782446,823.5255562,87.68199789
1487765.444,1.010171589,0.14555839,0.048128177,0.000103913,4.83398E-05,83.90854683,8.63172983,995.6212814,87.45972334
1502331.478,1.025192728,0.169035549,0.014868868,0.000106135,4.6582E-05,83.64711588,8.76000751,319.1974963,87.59287661
1509859.941,1.045846794,0.165122689,0.0195643,0.000103098,4.76563E-05,83.2479167,8.483366994,410.5295667,88.2687163
1528497.409,1.00266102,0.171383265,0.035215739,0.000103679,4.98047E-05,85.49287726,8.608749066,707.0768067,85.89837368
1538158.154,1.021437443,0.157296969,0.029737735,0.000107152,4.82422E-05,81.94114608,8.429336092,616.4259341,89.62951783
1549964.682,1.012049231,0.161992401,0.017216584,0.000109172,4.79492E-05,81.60422645,8.176229491,359.0586907,90.21954405
1558441.558,1.008293947,0.13381981,0.043824031,0.000100783,4.78516E-05,84.05207571,8.469344473,915.8328163,87.47857981
1570276.902,1.004538662,0.116603226,0.031694165,0.000102098,4.83398E-05,82.72083886,7.953550707,655.653039,89.32561043
1577794.01,1.00266102,0.149471249,0.016434012,0.000102866,4.72656E-05,83.47349647,8.475477702,347.6947934,88.05102583
1587643.962,0.998905735,0.139297814,0.01760787,0.000102207,3.4082E-05,83.99411617,8.067497871,516.6320508,87.93838596
1600136.173,0.998905735,0.155731825,0.023085874,0.000101018,4.80469E-05,81.61851612,7.985539666,480.486475,90.39594421
1607142.857,1.000783377,0.139297814,0.01173858,0.000105667,5.10742E-05,83.03340584,8.231151644,229.8337613,88.73544252
1615880.106,1.000783377,0.138515242,0.055953897,0.000106073,4.60938E-05,82.85236198,8.791601125,1213.915054,88.35603689
1645387.915,1.00266102,0.148688677,0.026998734,0.000102364,4.81445E-05,80.73452628,8.117705038,560.7850536,91.14776868
1666666.667,1.006416304,0.142428102,0.026998734,0.000101206,4.64844E-05,80.71308098,8.226612421,580.8130912,91.0603066
1681431.866,1.008293947,0.125211518,0.016042726,0.000103899,4.90234E-05,81.93318623,8.228731719,327.2460387,89.83808205
1692509.637,0.993272808,0.13381981,0.046171747,0.000103318,4.41406E-05,82.3538837,8.228475447,1046.014804,89.41764086
1698920.92,0.991395165,0.12990695,0.030129021,0.0001018,4.51172E-05,80.28314003,7.94859011,667.7947619,91.76826986
1710864.858,1.00266102,0.143993246,0.026216162,0.000101253,4.58008E-05,80.47782212,8.278104249,572.3955102,91.24407363
1715072.305,1.004538662,0.143210674,0.0195643,0.000102176,4.80469E-05,80.97218729,8.137318193,407.191928,90.89049452
1733557.582,1.010171589,0.131472094,0.022694588,0.000100329,4.7168E-05,81.83415613,8.125617829,481.1440521,90.04022604
1742093.126,0.993272808,0.11816837,0.048128177,0.000101206,4.74609E-05,79.58927549,7.549760379,1014.058713,92.86096413
1752045.066,0.997028093,0.12599409,0.009390864,0.000100016,4.88281E-05,81.67215121,7.835037275,192.3248914,90.49281152
1769332.606,1.006416304,0.14555839,0.021129444,0.000106575,4.28711E-05,81.22527576,8.066605131,492.8599154,90.70811911
1782742.26,0.989517523,0.117385798,0.035607025,0.000100283,4.76563E-05,79.99495881,7.863634855,747.1638115,92.14140633
1794902.137,0.991395165,0.155731825,0.023085874,0.000100017,1.18164E-05,80.90579716,8.276985012,1953.713601,90.81721783
1802506.865,0.989517523,0.14555839,0.018781728,0.000101629,4.7168E-05,80.0810653,8.179799382,398.188181,91.73913532
1814825.051,1.000783377,0.12599409,0.017216584,0.000103679,4.89258E-05,80.54478459,8.471965175,351.8918506,90.98325024
1823860.087,1.006416304,0.147906105,0.024259732,0.000100438,4.0332E-05,80.2108833,7.868931461,601.5003667,91.92018524
1828665.71,0.989517523,0.129124378,0.028563878,0.000101221,4.67773E-05,80.27293607,7.900660667,610.6348762,91.82640326
1852086.367,0.997028093,0.140080386,0.023085874,0.000102474,4.50195E-05,80.89323021,7.859786043,512.7968454,91.24698375
1871901.971,1.004538662,0.131472094,0.027781306,0.000101503,4.39453E-05,80.29756194,8.01842258,632.1790413,91.68401548
1886510.356,0.99515045,0.133037238,0.037563455,9.89523E-05,4.15039E-05,80.07271766,8.138959098,905.0583126,91.78832325
1906673.205,0.993272808,0.156514397,0.02543359,9.85607E-05,4.74609E-05,79.47493765,8.101283198,535.8846855,92.42377915
1936738.551,0.998905735,0.153384109,0.024259732,9.98446E-05,3.61328E-05,78.27531944,8.560077023,671.4044633,93.16460354
1945812.808,0.998905735,0.124428946,0.02739002,9.87172E-05,4.93164E-05,78.13863716,8.116486907,555.3936634,93.74487594
1952744.76,1.00266102,0.134602382,0.025042304,0.000101237,4.61914E-05,78.24317711,7.960614451,542.1420477,93.79620844
1967996.813,0.99515045,0.13381981,0.013303724,9.8248E-05,4.91211E-05,75.87841763,7.301179089,270.8352513,96.82040328
1984204.335,0.997028093,0.143993246,0.048519463,0.000102286,4.58984E-05,78.14280512,7.918336535,1057.1049,93.93885834
1991089.072,0.982006954,0.140862958,0.017999156,0.000102161,4.27734E-05,79.20115365,8.25508538,420.8021787,92.54376097
